Name,Phone,International Phone,Address,Website,Google Maps,Rating,Reviews,Latitude,Longitude,Business Status,Matched Keywords,Matched Areas,Types
ALAMIN ELECTRIC BICYCLE STORE,392 733 5656,+39 392 733 5656,"Viale dei Mille, 70, 20129 Milano MI",https://www.facebook.com/share/1Ey7MQtjcA/?mibextid=wwXIfr,https://maps.google.com/?cid=12306358238536917572&g_mp=Cidnb29nbGUubWFwcy5wbGFjZXMudjEuUGxhY2VzLlNlYXJjaFRleHQQAhgEIAA,4.3,75,45.471354999999996,9.217567299999999,OPERATIONAL,e-bike shop; electric bike store; negozio e-bike; bici elettriche; biciclette elettriche,"Milano, Lombardia, Italy",bicycle_store; sporting_goods_store; car_repair; manufacturer; store; point_of_interest; service; establishment
ALAMIN ELECTRIC BICYCLE STORE,392 272 2997,+39 392 272 2997,"Viale Tibaldi, 32, 20136 Milano MI",https://www.facebook.com/share/1Ey7MQtjcA/?mibextid=wwXIfr,https://maps.google.com/?cid=9573026878026232922&g_mp=Cidnb29nbGUubWFwcy5wbGFjZXMudjEuUGxhY2VzLlNlYXJjaFRleHQQAhgEIAA,3.8,13,45.4433584,9.1805972,OPERATIONAL,electric bike store; bici elettriche; biciclette elettriche,"Milano, Lombardia, Italy",bicycle_store; car_repair; sporting_goods_store; store; manufacturer; service; point_of_interest; establishment
Amante Casella,011 540641,+39 011 540641,"Corso Regina Margherita, 220, 10144 Torino TO",https://www.amantecasella.it/,https://maps.google.com/?cid=11963293609845787712&g_mp=Cidnb29nbGUubWFwcy5wbGFjZXMudjEuUGxhY2VzLlNlYXJjaFRleHQQAhgEIAA,4.2,221,45.0826834,7.6664769999999995,OPERATIONAL,e-bike shop; electric bike store; negozio e-bike; bici elettriche; biciclette elettriche,"Torino, Piemonte, Italy",bicycle_store; sporting_goods_store; store; manufacturer; point_of_interest; establishment
Askoll Store Milano,02 5518 1685,+39 02 5518 1685,"Via Leopoldo Marangoni, 8, 20124 Milano MI",http://www.askollelectric.com/,https://maps.google.com/?cid=2977283713910965796&g_mp=Cidnb29nbGUubWFwcy5wbGFjZXMudjEuUGxhY2VzLlNlYXJjaFRleHQQAhgEIAA,4.7,41,45.4819141,9.199407599999999,OPERATIONAL,bici elettriche; biciclette elettriche,"Milano, Lombardia, Italy",store; service; point_of_interest; establishment
Avatar bike e monopattini,338 350 6180,+39 338 350 6180,"Viale Monte Nero, 27, 20135 Milano MI",http://biciemonopattinimilano.altervista.org/,https://maps.google.com/?cid=3082846027824078934&g_mp=Cidnb29nbGUubWFwcy5wbGFjZXMudjEuUGxhY2VzLlNlYXJjaFRleHQQAhgEIAA,4.4,118,45.4559784,9.2045072,OPERATIONAL,e-bike shop; electric bike store; negozio e-bike; bici elettriche; biciclette elettriche,"Milano, Lombardia, Italy",bicycle_store; sporting_goods_store; manufacturer; store; point_of_interest; establishment
AWS Bici - Bike rental,02 6707 2145,+39 02 6707 2145,"Via Ponte Seveso, 33, 20125 Milano MI",http://awsbici.com/,https://maps.google.com/?cid=3167347077345971384&g_mp=Cidnb29nbGUubWFwcy5wbGFjZXMudjEuUGxhY2VzLlNlYXJjaFRleHQQAhgEIAA,5,28,45.4898485,9.205106599999999,OPERATIONAL,e-bike rental,"Milano, Lombardia, Italy",point_of_interest; service; establishment
BICI AL TOP SRL,02 3660 1431,+39 02 3660 1431,"Via Mac Mahon, 32, 20155 Milano MI",,https://maps.google.com/?cid=11227805729305443342&g_mp=Cidnb29nbGUubWFwcy5wbGFjZXMudjEuUGxhY2VzLlNlYXJjaFRleHQQAhgEIAA,4.7,64,45.490566799999996,9.162673999999999,OPERATIONAL,electric bike store; negozio e-bike; bici elettriche; biciclette elettriche,"Milano, Lombardia, Italy",bicycle_store; sporting_goods_store; point_of_interest; manufacturer; store; establishment
Bici&Radici,02 8341 8589,+39 02 8341 8589,"Via Nicola D'Apulia, 2, 20125 Milano MI",http://www.bicieradici.com/,https://maps.google.com/?cid=9461171899071017807&g_mp=Cidnb29nbGUubWFwcy5wbGFjZXMudjEuUGxhY2VzLlNlYXJjaFRleHQQAhgEIAA,4.6,145,45.493409899999996,9.216345,OPERATIONAL,negozio e-bike,"Milano, Lombardia, Italy",bicycle_store; florist; sporting_goods_store; store; bar; manufacturer; point_of_interest; establishment
Bicicleria,338 847 0121,+39 338 847 0121,"Via Valentino Carrera, 84/D, 10146 Torino TO",http://www.instagram.com/bicicleria,https://maps.google.com/?cid=17503065771442540311&g_mp=Cidnb29nbGUubWFwcy5wbGFjZXMudjEuUGxhY2VzLlNlYXJjaFRleHQQAhgEIAA,4.9,213,45.0802149,7.6284413,OPERATIONAL,negozio e-bike; bici elettriche; biciclette elettriche,"Torino, Piemonte, Italy",bicycle_store; sporting_goods_store; store; manufacturer; service; point_of_interest; establishment
Biciclette Rossignoli Milano,02 804960,+39 02 804960,"Corso Garibaldi, 71, 20121 Milano MI",http://www.rossignoli.it/,https://maps.google.com/?cid=10191134275700822888&g_mp=Cidnb29nbGUubWFwcy5wbGFjZXMudjEuUGxhY2VzLlNlYXJjaFRleHQQAhgEIAA,4.4,289,45.4750175,9.1834361,OPERATIONAL,e-bike shop; electric bike store; negozio e-bike; bici elettriche; e-bike rental,"Milano, Lombardia, Italy",bicycle_store; sportswear_store; clothing_store; sporting_goods_store; store; manufacturer; service; point_of_interest; establishment
"Biciclettedipaolo - hobby Bike,, SOLO city e mountain bike di QUALITÀ! No e-bike e corsa",338 441 5331,+39 338 441 5331,"Via Ettore Ciccotti, 3, 20161 Milano MI",,https://maps.google.com/?cid=17097245696964582473&g_mp=Cidnb29nbGUubWFwcy5wbGFjZXMudjEuUGxhY2VzLlNlYXJjaFRleHQQAhgEIAA,4.6,38,45.5223366,9.1669017,OPERATIONAL,e-bike shop; negozio e-bike; bici elettriche; biciclette elettriche,"Milano, Lombardia, Italy",bicycle_store; sporting_goods_store; manufacturer; store; point_of_interest; service; establishment
Bicierin Ciclofficina con Cucina,334 763 9347,+39 334 763 9347,"Via Principe Tommaso, 26/G, 10127 Torino TO",http://www.bicierin.it/,https://maps.google.com/?cid=10990068700969908383&g_mp=Cidnb29nbGUubWFwcy5wbGFjZXMudjEuUGxhY2VzLlNlYXJjaFRleHQQAhgEIAA,4.6,481,45.057085099999995,7.6809285,OPERATIONAL,bici elettriche,"Torino, Piemonte, Italy",bistro; coffee_shop; cafe; food_store; store; restaurant; food; point_of_interest; service; establishment
Bike 2.0,011 620 7018,+39 011 620 7018,"Via Cuneo, 36, 10042 Nichelino TO",https://www.bikeduepuntozero.it/,https://maps.google.com/?cid=13301709114284932132&g_mp=Cidnb29nbGUubWFwcy5wbGFjZXMudjEuUGxhY2VzLlNlYXJjaFRleHQQAhgEIAA,4.9,151,45.0043163,7.6609487,OPERATIONAL,negozio e-bike; bici elettriche; biciclette elettriche,"Torino, Piemonte, Italy",sporting_goods_store; bicycle_store; manufacturer; store; point_of_interest; establishment
Bike Center '07,011 959 2702,+39 011 959 2702,"C.so Francia, 100/A, 10098 Rivoli TO",http://www.bike-center.it/,https://maps.google.com/?cid=3482420000333454751&g_mp=Cidnb29nbGUubWFwcy5wbGFjZXMudjEuUGxhY2VzLlNlYXJjaFRleHQQAhgEIAA,4.6,67,45.070657,7.5346310999999995,OPERATIONAL,e-bike shop; electric bike store; negozio e-bike; bici elettriche,"Torino, Piemonte, Italy",bicycle_store; sporting_goods_store; point_of_interest; manufacturer; service; store; establishment
Bike It! Bellagio,334 975 1604,+39 334 975 1604,"V. Valassina, 103, 22021 Bellagio CO",https://www.bikeitbellagio.com/,https://maps.google.com/?cid=4544542099017413686&g_mp=Cidnb29nbGUubWFwcy5wbGFjZXMudjEuUGxhY2VzLlNlYXJjaFRleHQQAhgEIAA,5,566,45.9740028,9.261341999999999,OPERATIONAL,e-bike rental,"Milano, Lombardia, Italy",sportswear_store; bicycle_store; sporting_goods_store; tour_agency; travel_agency; clothing_store; manufacturer; point_of_interest; service; store; establishment
Bike Lab,011 207 1376,+39 011 207 1376,"Via Venezia, 11, 10092 Beinasco TO",https://www.bikelab.store/,https://maps.google.com/?cid=6855611341286497987&g_mp=Cidnb29nbGUubWFwcy5wbGFjZXMudjEuUGxhY2VzLlNlYXJjaFRleHQQAhgEIAA,4.7,356,45.027453099999995,7.602507699999999,OPERATIONAL,e-bike shop; electric bike store; negozio e-bike; bici elettriche; biciclette elettriche,"Torino, Piemonte, Italy",bicycle_store; sporting_goods_store; store; manufacturer; point_of_interest; establishment
"BIKE PIU' riparazione e vendita' Bici, accessori .",347 751 2406,+39 347 751 2406,"Via Renato Martorelli, 8/c, 10155 Torino TO",,https://maps.google.com/?cid=15878244158364016287&g_mp=Cidnb29nbGUubWFwcy5wbGFjZXMudjEuUGxhY2VzLlNlYXJjaFRleHQQAhgEIAA,4.5,62,45.0934327,7.693762399999999,OPERATIONAL,e-bike shop; electric bike store; negozio e-bike; bici elettriche; biciclette elettriche,"Torino, Piemonte, Italy",bicycle_store; sporting_goods_store; store; manufacturer; point_of_interest; establishment
Bike Tour Milano,02 5810 3464,+39 02 5810 3464,"Alzaia Naviglio Pavese, 44, 20143 Milano MI",https://www.biketourmilano.it/,https://maps.google.com/?cid=9536998892913661845&g_mp=Cidnb29nbGUubWFwcy5wbGFjZXMudjEuUGxhY2VzLlNlYXJjaFRleHQQAhgEIAA,5,52,45.4470099,9.176538899999999,OPERATIONAL,e-bike rental,"Milano, Lombardia, Italy",tour_agency; travel_agency; point_of_interest; service; establishment
Bike_id,011 247 8594,+39 011 247 8594,"Corso Umbria, 7/A, 10144 Torino TO",https://www.bikeidentity.it/,https://maps.google.com/?cid=14108195757337912891&g_mp=Cidnb29nbGUubWFwcy5wbGFjZXMudjEuUGxhY2VzLlNlYXJjaFRleHQQAhgEIAA,4.3,6,45.0821927,7.6699835,OPERATIONAL,electric bike store,"Torino, Piemonte, Italy",bicycle_store; sporting_goods_store; store; manufacturer; point_of_interest; establishment
BikeSquare Torino,0173 199 6118,+39 0173 199 6118,"Via Madama Cristina, 21, 10125 Torino TO",https://ebike.bikesquare.eu/torino,https://maps.google.com/?cid=9984200778932362227&g_mp=Cidnb29nbGUubWFwcy5wbGFjZXMudjEuUGxhY2VzLlNlYXJjaFRleHQQAhgEIAA,4.4,41,45.0573639,7.6828294999999995,OPERATIONAL,biciclette elettriche; e-bike rental,"Torino, Piemonte, Italy",point_of_interest; service; establishment
Bikethecity® Milan Bike Tours,333 631 5730,+39 333 631 5730,"Via Vetere, 11, 20123 Milano MI",https://www.bikethecity.it/,https://maps.google.com/?cid=11631209927746393513&g_mp=Cidnb29nbGUubWFwcy5wbGFjZXMudjEuUGxhY2VzLlNlYXJjaFRleHQQAhgEIAA,4.9,513,45.456288900000004,9.1813668,OPERATIONAL,e-bike rental,"Milano, Lombardia, Italy",tour_agency; travel_agency; point_of_interest; service; establishment
BIKEyourselfmilano - Top Italian Bike,348 711 0068,+39 348 711 0068,"Via Fratelli Bronzetti, 9, 20129 Milano MI",https://www.bikeyourselfmilano.it/,https://maps.google.com/?cid=271948628612778528&g_mp=Cidnb29nbGUubWFwcy5wbGFjZXMudjEuUGxhY2VzLlNlYXJjaFRleHQQAhgEIAA,4.3,81,45.4666359,9.2153175,OPERATIONAL,e-bike shop; electric bike store; negozio e-bike; bici elettriche; biciclette elettriche,"Milano, Lombardia, Italy",bicycle_store; sportswear_store; clothing_store; sporting_goods_store; store; manufacturer; service; point_of_interest; establishment
Blusky Mob Srl,011 411 3597,+39 011 411 3597,"Via Nicomede Bianchi, 52, 10146 Torino TO",https://bluskymob.com/,https://maps.google.com/?cid=9110522360263828253&g_mp=Cidnb29nbGUubWFwcy5wbGFjZXMudjEuUGxhY2VzLlNlYXJjaFRleHQQAhgEIAA,4.9,143,45.0820277,7.6336436999999995,OPERATIONAL,e-bike shop; electric bike store; bici elettriche; biciclette elettriche,"Torino, Piemonte, Italy",car_repair; point_of_interest; service; store; establishment
Bmz Bikes S.n.c.,02 8905 9440,+39 02 8905 9440,"Via Goito, 5, 20121 Milano MI",https://bmzbikes.it/,https://maps.google.com/?cid=12796682351879965863&g_mp=Cidnb29nbGUubWFwcy5wbGFjZXMudjEuUGxhY2VzLlNlYXJjaFRleHQQAhgEIAA,4.8,76,45.4744477,9.188913699999999,OPERATIONAL,e-bike shop; electric bike store; negozio e-bike; bici elettriche,"Milano, Lombardia, Italy",bicycle_store; sporting_goods_store; store; manufacturer; point_of_interest; establishment
Boeris Bikes,011 341112,+39 011 341112,"Strada Comunale di Mirafiori, 2, 10135 Torino TO",https://www.boeris.eu/,https://maps.google.com/?cid=5674122028894665564&g_mp=Cidnb29nbGUubWFwcy5wbGFjZXMudjEuUGxhY2VzLlNlYXJjaFRleHQQAhgEIAA,4.9,252,45.0148581,7.627231699999999,OPERATIONAL,e-bike shop; electric bike store; negozio e-bike; bici elettriche; biciclette elettriche,"Torino, Piemonte, Italy",bicycle_store; sporting_goods_store; store; manufacturer; service; point_of_interest; establishment
Brompton Junction,02 3658 7670,+39 02 3658 7670,"Via Melzo, 36, 20129 Milano MI",https://www.bikingdays.com/,https://maps.google.com/?cid=17737638900417709297&g_mp=Cidnb29nbGUubWFwcy5wbGFjZXMudjEuUGxhY2VzLlNlYXJjaFRleHQQAhgEIAA,4.8,108,45.4759092,9.2071364,OPERATIONAL,e-bike shop; electric bike store; negozio e-bike; bici elettriche; biciclette elettriche; e-bike rental,"Milano, Lombardia, Italy",bicycle_store; sporting_goods_store; manufacturer; store; point_of_interest; service; establishment
Brompton Junction Torino,011 020 6297,+39 011 020 6297,"Via Duchessa Jolanda, 7c, 10138 Torino TO",https://bromptonjunctiontorino.com/,https://maps.google.com/?cid=12500689944309405519&g_mp=Cidnb29nbGUubWFwcy5wbGFjZXMudjEuUGxhY2VzLlNlYXJjaFRleHQQAhgEIAA,4.8,156,45.0730955,7.664430200000001,OPERATIONAL,e-bike shop; electric bike store; negozio e-bike; bici elettriche; biciclette elettriche,"Torino, Piemonte, Italy",bicycle_store; sporting_goods_store; store; manufacturer; point_of_interest; establishment
Centrale e-bike,320 143 4279,+39 320 143 4279,"Via Tonale, 18, 20125 Milano MI",https://www.facebook.com/Sikder-E-Bike-store-452186475176002/,https://maps.google.com/?cid=5327250054461491280&g_mp=Cidnb29nbGUubWFwcy5wbGFjZXMudjEuUGxhY2VzLlNlYXJjaFRleHQQAhgEIAA,4.4,16,45.4890304,9.2027521,OPERATIONAL,e-bike shop; electric bike store; negozio e-bike; bici elettriche; biciclette elettriche,"Milano, Lombardia, Italy",bicycle_store; sporting_goods_store; car_repair; manufacturer; store; point_of_interest; service; establishment
Cicli Bergamin,011 385 7879,+39 011 385 7879,"Via Paolo Braccini, 85, 10141 Torino TO",http://www.ciclibergamin.it/,https://maps.google.com/?cid=12670117551928085920&g_mp=Cidnb29nbGUubWFwcy5wbGFjZXMudjEuUGxhY2VzLlNlYXJjaFRleHQQAhgEIAA,4.2,124,45.0603044,7.647375200000001,OPERATIONAL,electric bike store; negozio e-bike,"Torino, Piemonte, Italy",bicycle_store; sporting_goods_store; store; manufacturer; service; point_of_interest; establishment
Cicli Cogo Bike Shop,351 412 8110,+39 351 412 8110,"Via Matilde Serao, 14, 10141 Torino TO",,https://maps.google.com/?cid=11560640909761408187&g_mp=Cidnb29nbGUubWFwcy5wbGFjZXMudjEuUGxhY2VzLlNlYXJjaFRleHQQAhgEIAA,4.6,78,45.0648119,7.633493799999999,OPERATIONAL,e-bike shop; electric bike store; negozio e-bike; bici elettriche; biciclette elettriche,"Torino, Piemonte, Italy",bicycle_store; sporting_goods_store; point_of_interest; manufacturer; service; store; establishment
Cicli Esposito,02 539 0139,+39 02 539 0139,"Via Carlo de Angeli, 3, 20141 Milano MI",http://www.cicliesposito.it/,https://maps.google.com/?cid=15816379268772710129&g_mp=Cidnb29nbGUubWFwcy5wbGFjZXMudjEuUGxhY2VzLlNlYXJjaFRleHQQAhgEIAA,4.2,191,45.4431629,9.1958772,OPERATIONAL,electric bike store; negozio e-bike; biciclette elettriche,"Milano, Lombardia, Italy",bicycle_store; sportswear_store; sporting_goods_store; clothing_store; point_of_interest; service; manufacturer; store; establishment
Cicli Masi Milano,392 671 8152,+39 392 671 8152,"Via Arona, 19/int. 10, 20149 Milano MI",https://www.ciclimasimilano.com/,https://maps.google.com/?cid=13893569081396130402&g_mp=Cidnb29nbGUubWFwcy5wbGFjZXMudjEuUGxhY2VzLlNlYXJjaFRleHQQAhgEIAA,5,10,45.4808362,9.1572552,OPERATIONAL,e-bike shop; electric bike store,"Milano, Lombardia, Italy",bicycle_store; sporting_goods_store; store; manufacturer; point_of_interest; establishment
Ciclicoss bottega storica di Milano,02 7010 2358,+39 02 7010 2358,"Via Canaletto, 1, 20133 Milano MI",http://www.ciclicoss.it/,https://maps.google.com/?cid=13598989812256662863&g_mp=Cidnb29nbGUubWFwcy5wbGFjZXMudjEuUGxhY2VzLlNlYXJjaFRleHQQAhgEIAA,4.3,117,45.470146299999996,9.227508499999999,OPERATIONAL,e-bike shop; electric bike store; negozio e-bike; bici elettriche; biciclette elettriche,"Milano, Lombardia, Italy",bicycle_store; sporting_goods_store; store; manufacturer; point_of_interest; establishment
Ciclitorino | Dësgenà,331 151 8146,+39 331 151 8146,"Via Marco Polo, 42, 10129 Torino TO",https://tour.ciclitorino.com/,https://maps.google.com/?cid=9445379411670592479&g_mp=Cidnb29nbGUubWFwcy5wbGFjZXMudjEuUGxhY2VzLlNlYXJjaFRleHQQAhgEIAA,4.9,38,45.0604502,7.6585301,OPERATIONAL,e-bike rental,"Torino, Piemonte, Italy",bicycle_store; sporting_goods_store; store; manufacturer; service; point_of_interest; establishment
CLOUD STORE,375 745 1391,+39 375 745 1391,"Via Carlo Farini, 52, 20159 Milano MI",,https://maps.google.com/?cid=17477106878084167229&g_mp=Cidnb29nbGUubWFwcy5wbGFjZXMudjEuUGxhY2VzLlNlYXJjaFRleHQQAhgEIAA,4.8,19,45.4919007,9.1844655,OPERATIONAL,e-bike shop; biciclette elettriche,"Milano, Lombardia, Italy",bicycle_store; sporting_goods_store; manufacturer; store; point_of_interest; service; establishment
Club Billy monopattino riparazioni monopattino bici elettrica vendita nuovo e usato,349 704 5250,+39 349 704 5250,"Corso Vercelli, 140 bis/A, 10155 Torino TO",,https://maps.google.com/?cid=9399295081065416894&g_mp=Cidnb29nbGUubWFwcy5wbGFjZXMudjEuUGxhY2VzLlNlYXJjaFRleHQQAhgEIAA,5,158,45.097639,7.6926383000000005,OPERATIONAL,bici elettriche; biciclette elettriche,"Torino, Piemonte, Italy",service; point_of_interest; establishment
Cobra Bici E monopattino elettrici,389 638 4965,+39 389 638 4965,"Via Stradella, 46, 10147 Torino TO",http://232.62.29.197/,https://maps.google.com/?cid=3092393869532394790&g_mp=Cidnb29nbGUubWFwcy5wbGFjZXMudjEuUGxhY2VzLlNlYXJjaFRleHQQAhgEIAA,4.2,5,45.0929303,7.676334899999999,OPERATIONAL,biciclette elettriche,"Torino, Piemonte, Italy",bicycle_store; sporting_goods_store; manufacturer; point_of_interest; store; establishment
Cube Store Torino-Santena,011 1922 7280,+39 011 1922 7280,"Via Asti, 1, 10026 Santena TO",https://www.cubestoretorinosantena.com/,https://maps.google.com/?cid=13291602015958982403&g_mp=Cidnb29nbGUubWFwcy5wbGFjZXMudjEuUGxhY2VzLlNlYXJjaFRleHQQAhgEIAA,4.9,455,44.9626521,7.778731799999999,OPERATIONAL,e-bike shop; electric bike store; negozio e-bike; bici elettriche; biciclette elettriche,"Torino, Piemonte, Italy",bicycle_store; sporting_goods_store; point_of_interest; manufacturer; store; establishment
Cusati Bike,011 324 8810,+39 011 324 8810,"Via Buenos Aires, 78/e, 10137 Torino TO",http://www.cusatibikeshop.it/,https://maps.google.com/?cid=9107979237925981105&g_mp=Cidnb29nbGUubWFwcy5wbGFjZXMudjEuUGxhY2VzLlNlYXJjaFRleHQQAhgEIAA,4.7,148,45.037942699999995,7.6397374,OPERATIONAL,e-bike shop; electric bike store; negozio e-bike; bici elettriche; biciclette elettriche,"Torino, Piemonte, Italy",bicycle_store; sporting_goods_store; store; manufacturer; point_of_interest; establishment
CYCLE Turin,346 080 8636,+39 346 080 8636,"Via S. Secondo, 31/F, 10128 Torino TO",https://www.cycle.eco/couriers/italy,https://maps.google.com/?cid=11048146147618522597&g_mp=Cidnb29nbGUubWFwcy5wbGFjZXMudjEuUGxhY2VzLlNlYXJjaFRleHQQAhgEIAA,4.7,39,45.058534699999996,7.672866699999999,OPERATIONAL,e-bike rental,"Torino, Piemonte, Italy",service; point_of_interest; establishment
Decathlon Cairoli Service Point - Ciclofficina,02 8050 9755,+39 02 8050 9755,"Foro Buonaparte, 76, 20121 Milano MI",https://www.decathlon.it/store-view/negozio-sport-cairoli-service-point-ciclofficina-0070257002570,https://maps.google.com/?cid=16493103260598008114&g_mp=Cidnb29nbGUubWFwcy5wbGFjZXMudjEuUGxhY2VzLlNlYXJjaFRleHQQAhgEIAA,3.6,14,45.468790299999995,9.182348,OPERATIONAL,e-bike rental,"Milano, Lombardia, Italy",sporting_goods_store; bicycle_store; manufacturer; point_of_interest; service; store; establishment
Decathlon Milano Cairoli,02 8050 9755,+39 02 8050 9755,"Foro Buonaparte, 74-76, 20121 Milano MI",https://www.decathlon.it/store-view/negozio-sport-milano-cairoli-0070034200342,https://maps.google.com/?cid=11099271191676473830&g_mp=Cidnb29nbGUubWFwcy5wbGFjZXMudjEuUGxhY2VzLlNlYXJjaFRleHQQAhgEIAA,4.1,12149,45.468560599999996,9.1823868,OPERATIONAL,e-bike rental,"Milano, Lombardia, Italy",sporting_goods_store; sportswear_store; bicycle_store; clothing_store; manufacturer; food_store; food; point_of_interest; service; store; establishment
Dedonato,011 771 0110,+39 011 771 0110,"Corso Umbria, 47, 10144 Torino TO",https://ciclidedonato.it/,https://maps.google.com/?cid=10169030507433218687&g_mp=Cidnb29nbGUubWFwcy5wbGFjZXMudjEuUGxhY2VzLlNlYXJjaFRleHQQAhgEIAA,4.7,266,45.086675799999995,7.6660341999999995,OPERATIONAL,e-bike shop; electric bike store; negozio e-bike; bici elettriche; biciclette elettriche,"Torino, Piemonte, Italy",bicycle_store; sporting_goods_store; store; manufacturer; service; point_of_interest; establishment
Detto Pietro Store,02 2416 7864,+39 02 2416 7864,"Via Lodovico Settala, 3, 20124 Milano MI",http://www.dettopietro.com/,https://maps.google.com/?cid=14694920167107145178&g_mp=Cidnb29nbGUubWFwcy5wbGFjZXMudjEuUGxhY2VzLlNlYXJjaFRleHQQAhgEIAA,4.9,142,45.4772252,9.2030461,OPERATIONAL,e-bike shop; electric bike store; negozio e-bike; bici elettriche; biciclette elettriche,"Milano, Lombardia, Italy",bicycle_store; sporting_goods_store; store; manufacturer; point_of_interest; establishment
E BICI MILANO,350 911 4205,+39 350 911 4205,"Vle Andrea Doria, 30, 20124 Milano MI",,https://maps.google.com/?cid=7784392441701872380&g_mp=Cidnb29nbGUubWFwcy5wbGFjZXMudjEuUGxhY2VzLlNlYXJjaFRleHQQAhgEIAA,4.7,3,45.4854838,9.2125871,OPERATIONAL,e-bike shop; electric bike store; negozio e-bike; bici elettriche; biciclette elettriche,"Milano, Lombardia, Italy",bicycle_store; sporting_goods_store; manufacturer; store; point_of_interest; establishment
E-BIKE di lin,334 616 3234,+39 334 616 3234,"Via Mac Mahon, 28, 20155 Milano MI",https://engwe-bikes-eu.com/,https://maps.google.com/?cid=6327452830250903808&g_mp=Cidnb29nbGUubWFwcy5wbGFjZXMudjEuUGxhY2VzLlNlYXJjaFRleHQQAhgEIAA,4.1,8,45.4902197,9.1630729,OPERATIONAL,electric bike store,"Milano, Lombardia, Italy",point_of_interest; service; establishment
E-Bike Travel Milano,335 635 3411,+39 335 635 3411,"Via Giovanni da Procida, 28, 20149 Milano MI",,https://maps.google.com/?cid=2124580804989894259&g_mp=Cidnb29nbGUubWFwcy5wbGFjZXMudjEuUGxhY2VzLlNlYXJjaFRleHQQAhgEIAA,4.8,13,45.4829953,9.1582442,OPERATIONAL,e-bike shop; electric bike store; negozio e-bike; bici elettriche; biciclette elettriche; e-bike rental,"Milano, Lombardia, Italy",bicycle_store; sporting_goods_store; manufacturer; store; point_of_interest; service; establishment
E-Garage - Riparazione e vendita biciclette e monopattini elettrici,393 578 2459,+39 393 578 2459,"Via Felice Casati, 3, 20124 Milano MI",https://www.venditamonopattinielettricimilano.it/,https://maps.google.com/?cid=10137140049655634372&g_mp=Cidnb29nbGUubWFwcy5wbGFjZXMudjEuUGxhY2VzLlNlYXJjaFRleHQQAhgEIAA,4.3,29,45.477264999999996,9.2066872,OPERATIONAL,bici elettriche; biciclette elettriche,"Milano, Lombardia, Italy",service; point_of_interest; establishment
e.Bike Rent Collegno,338 918 3452,+39 338 918 3452,"Via Fratelli Villani, 25/C, 10093 Collegno TO",https://ebikerentcollegno.com/,https://maps.google.com/?cid=15868845731240526700&g_mp=Cidnb29nbGUubWFwcy5wbGFjZXMudjEuUGxhY2VzLlNlYXJjaFRleHQQAhgEIAA,4.9,124,45.070960299999996,7.5855220999999995,OPERATIONAL,e-bike shop; electric bike store; negozio e-bike; bici elettriche; biciclette elettriche; e-bike rental,"Torino, Piemonte, Italy",bicycle_store; sporting_goods_store; store; manufacturer; service; point_of_interest; establishment
Ebike Valle Intelvi,338 451 2989,+39 338 451 2989,"Via Provinciale, Frazione di, 30, 22023 San Fedele Intelvi CO",https://www.ebikevalleintelvi.it/,https://maps.google.com/?cid=10352184625080969257&g_mp=Cidnb29nbGUubWFwcy5wbGFjZXMudjEuUGxhY2VzLlNlYXJjaFRleHQQAhgEIAA,4.8,220,45.9660339,9.0805247,OPERATIONAL,e-bike rental,"Milano, Lombardia, Italy",bicycle_store; sporting_goods_store; manufacturer; point_of_interest; service; store; establishment
EBike Valli di Lanzo,389 791 8958,+39 389 791 8958,"Corso IV Novembre, 52, 10070 Cafasse TO",https://www.ebikevallidilanzo.it/,https://maps.google.com/?cid=13127799121189119357&g_mp=Cidnb29nbGUubWFwcy5wbGFjZXMudjEuUGxhY2VzLlNlYXJjaFRleHQQAhgEIAA,4.9,83,45.252860999999996,7.5082964,OPERATIONAL,electric bike store,"Torino, Piemonte, Italy",bicycle_store; sporting_goods_store; store; manufacturer; point_of_interest; establishment
EbikeSystems by Idea Bici Torino,338 580 0337,+39 338 580 0337,"Via Antonio Rosmini, 9, 10126 Torino TO",https://www.ebikesystems.it/,https://maps.google.com/?cid=10805843703451106053&g_mp=Cidnb29nbGUubWFwcy5wbGFjZXMudjEuUGxhY2VzLlNlYXJjaFRleHQQAhgEIAA,5,19,45.04886270000001,7.672067199999999,OPERATIONAL,e-bike shop; electric bike store; negozio e-bike; bici elettriche; biciclette elettriche,"Torino, Piemonte, Italy",bicycle_store; sporting_goods_store; store; manufacturer; point_of_interest; establishment
EBRAHIM E-BIKE STORE,320 807 0787,+39 320 807 0787,"Viale Corsica, 75, 20133 Milano MI",,https://maps.google.com/?cid=821150027222931119&g_mp=Cidnb29nbGUubWFwcy5wbGFjZXMudjEuUGxhY2VzLlNlYXJjaFRleHQQAhgEIAA,4.3,12,45.4622707,9.2330649,OPERATIONAL,e-bike shop; electric bike store; negozio e-bike,"Milano, Lombardia, Italy",bicycle_store; sporting_goods_store; manufacturer; store; point_of_interest; establishment
Ecoobike,011 434 6028,+39 011 434 6028,"Via Vassalli Eandi, 33, 10138 Torino TO",http://www.ecoobike.it/,https://maps.google.com/?cid=2290327323978713846&g_mp=Cidnb29nbGUubWFwcy5wbGFjZXMudjEuUGxhY2VzLlNlYXJjaFRleHQQAhgEIAA,4.6,206,45.0750744,7.660397299999999,OPERATIONAL,e-bike shop; electric bike store; negozio e-bike; bici elettriche; biciclette elettriche,"Torino, Piemonte, Italy",service; point_of_interest; establishment
Ecovelocità (Zona Loreto),338 815 7666,+39 338 815 7666,"Via Padova, 72, 20127 Milano MI",http://www.ecovelocita.it/,https://maps.google.com/?cid=9666351767898544580&g_mp=Cidnb29nbGUubWFwcy5wbGFjZXMudjEuUGxhY2VzLlNlYXJjaFRleHQQAhgEIAA,3.1,19,45.491863599999995,9.2245546,OPERATIONAL,bici elettriche; biciclette elettriche,"Milano, Lombardia, Italy",bicycle_store; sporting_goods_store; store; manufacturer; service; point_of_interest; establishment
EffettoBici,02 9078 1570,+39 02 9078 1570,"Via Alessandro Manzoni, 25/3, 20089 Rozzano MI",http://www.effettobici.com/,https://maps.google.com/?cid=5575338843571368961&g_mp=Cidnb29nbGUubWFwcy5wbGFjZXMudjEuUGxhY2VzLlNlYXJjaFRleHQQAhgEIAA,4.6,259,45.3752548,9.170515199999999,OPERATIONAL,e-bike shop; electric bike store; negozio e-bike; bici elettriche; biciclette elettriche,"Milano, Lombardia, Italy",bicycle_store; sporting_goods_store; store; manufacturer; point_of_interest; establishment
Electronic Bike,0362 182 7796,+39 0362 182 7796,"Via Francesco Petrarca, 6, 20831 Seregno MB",http://www.electronicbike.it/,https://maps.google.com/?cid=285449827085821941&g_mp=Cidnb29nbGUubWFwcy5wbGFjZXMudjEuUGxhY2VzLlNlYXJjaFRleHQQAhgEIAA,4.7,88,45.6524691,9.2091461,OPERATIONAL,e-bike shop; electric bike store,"Milano, Lombardia, Italy",bicycle_store; sporting_goods_store; manufacturer; store; point_of_interest; establishment
EMOOVE Electric Mobility Milano and More,347 168 1446,+39 347 168 1446,"Viale Tibaldi, 42, 20136 Milano MI",http://www.emoovemilano.it/,https://maps.google.com/?cid=8150164977193774639&g_mp=Cidnb29nbGUubWFwcy5wbGFjZXMudjEuUGxhY2VzLlNlYXJjaFRleHQQAhgEIAA,4.6,204,45.443805999999995,9.1819495,OPERATIONAL,electric bike store; bici elettriche,"Milano, Lombardia, Italy",point_of_interest; service; store; establishment
"ENGWE TORINO – Vendita Biciclette Elettriche, Officina & Noleggio",379 105 1118,+39 379 105 1118,"Via Nizza, 21, 10125 Torino TO",http://www.orangetotech.eu/,https://maps.google.com/?cid=5778193918914577789&g_mp=Cidnb29nbGUubWFwcy5wbGFjZXMudjEuUGxhY2VzLlNlYXJjaFRleHQQAhgEIAA,4.7,121,45.059333599999995,7.6781405000000005,OPERATIONAL,e-bike shop; electric bike store; negozio e-bike; bici elettriche; biciclette elettriche,"Torino, Piemonte, Italy",bicycle_store; sporting_goods_store; sports_club; store; manufacturer; service; association_or_organization; point_of_interest; establishment
EPC Bike Shop,327 192 8733,+39 327 192 8733,"Via Fontana, 11, 20122 Milano MI",,https://maps.google.com/?cid=14003946206928756514&g_mp=Cidnb29nbGUubWFwcy5wbGFjZXMudjEuUGxhY2VzLlNlYXJjaFRleHQQAhgEIAA,5,8,45.4617374,9.2050082,OPERATIONAL,e-bike shop; electric bike store; negozio e-bike,"Milano, Lombardia, Italy",bicycle_store; sporting_goods_store; manufacturer; store; point_of_interest; establishment
Equilibrio Urbano,02 3956 6000,+39 02 3956 6000,"Via Guglielmo Pepe, 12, 20159 Milano MI",http://www.equilibrio-urbano.it/,https://maps.google.com/?cid=16187659778940597955&g_mp=Cidnb29nbGUubWFwcy5wbGFjZXMudjEuUGxhY2VzLlNlYXJjaFRleHQQAhgEIAA,4.5,441,45.4860507,9.1868717,OPERATIONAL,electric bike store; negozio e-bike; bici elettriche; biciclette elettriche,"Milano, Lombardia, Italy",bicycle_store; sporting_goods_store; sports_club; association_or_organization; point_of_interest; service; manufacturer; store; establishment
Fantic Store Torino,011 089 8666,+39 011 089 8666,"Corso Traiano, 147, 10127 Torino TO",https://errebimobility.com/,https://maps.google.com/?cid=569242153701287271&g_mp=Cidnb29nbGUubWFwcy5wbGFjZXMudjEuUGxhY2VzLlNlYXJjaFRleHQQAhgEIAA,4.3,12,45.020901099999996,7.654152699999999,OPERATIONAL,e-bike shop; electric bike store; negozio e-bike,"Torino, Piemonte, Italy",bicycle_store; sporting_goods_store; store; manufacturer; point_of_interest; establishment
GiveMeBike,02 8975 1949,+39 02 8975 1949,"Via Eugenio Montale, 10, 20073 Opera MI",https://givemebike.com/,https://maps.google.com/?cid=16039754735866780941&g_mp=Cidnb29nbGUubWFwcy5wbGFjZXMudjEuUGxhY2VzLlNlYXJjaFRleHQQAhgEIAA,5,33,45.3780067,9.2242643,OPERATIONAL,negozio e-bike; e-bike rental,"Milano, Lombardia, Italy",bicycle_store; sporting_goods_store; store; manufacturer; service; point_of_interest; establishment
gold bike and monopattini,371 199 2211,+39 371 199 2211,"Via Venosa, 12, 20137 Milano MI",https://goldbike.it/,https://maps.google.com/?cid=7950377118577232385&g_mp=Cidnb29nbGUubWFwcy5wbGFjZXMudjEuUGxhY2VzLlNlYXJjaFRleHQQAhgEIAA,3.3,28,45.4492131,9.2225395,OPERATIONAL,e-bike shop; electric bike store; negozio e-bike; bici elettriche; biciclette elettriche,"Milano, Lombardia, Italy",bicycle_store; sporting_goods_store; store; manufacturer; point_of_interest; establishment
Golden Ride,02 4549 8923,+39 02 4549 8923,"Piazza Francesco Durante, 24, 20131 Milano MI",https://goldenride.it//,https://maps.google.com/?cid=12803045483333748023&g_mp=Cidnb29nbGUubWFwcy5wbGFjZXMudjEuUGxhY2VzLlNlYXJjaFRleHQQAhgEIAA,3.8,240,45.4891657,9.224441299999999,OPERATIONAL,e-bike shop; electric bike store; negozio e-bike; bici elettriche; biciclette elettriche; e-bike rental,"Milano, Lombardia, Italy",bicycle_store; car_repair; sporting_goods_store; store; manufacturer; local_government_office; government_office; service; point_of_interest; establishment
Granbike,011 1994 7205,+39 011 1994 7205,"Corso Dante, 118, 10126 Torino TO",https://www.granbike.com/,https://maps.google.com/?cid=16467263594402862979&g_mp=Cidnb29nbGUubWFwcy5wbGFjZXMudjEuUGxhY2VzLlNlYXJjaFRleHQQAhgEIAA,4.5,353,45.0455931,7.682072499999999,OPERATIONAL,e-bike shop; electric bike store; negozio e-bike; bici elettriche; biciclette elettriche,"Torino, Piemonte, Italy",bicycle_store; sporting_goods_store; store; manufacturer; service; point_of_interest; establishment
HPMotorrad Motorcycle Rentals and Tours Italy Milan,02 3826 1113,+39 02 3826 1113,"Viale Lombardia, 21, 20098 Zona industriale, MI",http://www.hpmotorrad.rentals/,https://maps.google.com/?cid=17104955252310556250&g_mp=Cidnb29nbGUubWFwcy5wbGFjZXMudjEuUGxhY2VzLlNlYXJjaFRleHQQAhgEIAA,4.9,954,45.3972674,9.253197,OPERATIONAL,e-bike rental,"Milano, Lombardia, Italy",tour_agency; travel_agency; point_of_interest; service; store; establishment
Huda Monopattini e Ebike,347 196 1609,+39 347 196 1609,"C.so Giulio Cesare, 10/F, 10152 Torino TO",http://hudaebike.it/,https://maps.google.com/?cid=1552170639189009661&g_mp=Cidnb29nbGUubWFwcy5wbGFjZXMudjEuUGxhY2VzLlNlYXJjaFRleHQQAhgEIAA,5,12,45.0794134,7.685696500000001,OPERATIONAL,e-bike shop; electric bike store,"Torino, Piemonte, Italy",service; point_of_interest; establishment
Ibrahim E-bike Store,380 467 9082,+39 380 467 9082,"Via Pietro Crespi, 17, 20127 Milano MI",,https://maps.google.com/?cid=11829276654860535150&g_mp=Cidnb29nbGUubWFwcy5wbGFjZXMudjEuUGxhY2VzLlNlYXJjaFRleHQQAhgEIAA,4.5,16,45.4930284,9.219487599999999,OPERATIONAL,biciclette elettriche,"Milano, Lombardia, Italy",bicycle_store; sporting_goods_store; store; manufacturer; point_of_interest; establishment
IK804 EBIKE STORE,328 683 6515,+39 328 683 6515,"Via Varesina, 51, 20156 Milano MI",,https://maps.google.com/?cid=1585708455102381256&g_mp=Cidnb29nbGUubWFwcy5wbGFjZXMudjEuUGxhY2VzLlNlYXJjaFRleHQQAhgEIAA,4.9,36,45.496621700000006,9.1463573,OPERATIONAL,e-bike shop; electric bike store; negozio e-bike; bici elettriche; biciclette elettriche,"Milano, Lombardia, Italy",bicycle_store; sporting_goods_store; manufacturer; store; point_of_interest; establishment
Il Paradiso della Bicicletta,02 403 6693,+39 02 403 6693,"Via Novara, 87, 20153 Milano MI",,https://maps.google.com/?cid=460708251796079203&g_mp=Cidnb29nbGUubWFwcy5wbGFjZXMudjEuUGxhY2VzLlNlYXJjaFRleHQQAhgEIAA,3.9,100,45.4718027,9.120589899999999,OPERATIONAL,negozio e-bike; bici elettriche; biciclette elettriche,"Milano, Lombardia, Italy",bicycle_store; sporting_goods_store; store; manufacturer; service; point_of_interest; establishment
"Kukirin Cina Riparaioni e vendita di ogni tipo di monopattino ,biciclette elettriche",379 170 0622,+39 379 170 0622,"Via Milano, 7b, 10122 Torino TO",,https://maps.google.com/?cid=12576068230085756006&g_mp=Cidnb29nbGUubWFwcy5wbGFjZXMudjEuUGxhY2VzLlNlYXJjaFRleHQQAhgEIAA,4.4,106,45.0737631,7.681577899999999,OPERATIONAL,bici elettriche; biciclette elettriche,"Torino, Piemonte, Italy",service; point_of_interest; establishment
Kukirin monopattino elettrici,389 992 2050,+39 389 992 2050,"Corso Brescia, 19/B, 10152 Torino TO",,https://maps.google.com/?cid=10389378634609574438&g_mp=Cidnb29nbGUubWFwcy5wbGFjZXMudjEuUGxhY2VzLlNlYXJjaFRleHQQAhgEIAA,4.9,631,45.0824029,7.6898672999999995,OPERATIONAL,e-bike shop; electric bike store; negozio e-bike; bici elettriche; biciclette elettriche,"Torino, Piemonte, Italy",bicycle_store; sporting_goods_store; point_of_interest; manufacturer; service; store; establishment
La Bici,340 423 7473,+39 340 423 7473,"Via Oropa, 58 BIS/A, 10153 Torino TO",,https://maps.google.com/?cid=9222649027542059531&g_mp=Cidnb29nbGUubWFwcy5wbGFjZXMudjEuUGxhY2VzLlNlYXJjaFRleHQQAhgEIAA,4.8,159,45.0719116,7.7149176,OPERATIONAL,e-bike shop; electric bike store; negozio e-bike; bici elettriche; biciclette elettriche,"Torino, Piemonte, Italy",bicycle_store; sporting_goods_store; point_of_interest; manufacturer; service; store; establishment
La Bicicletta,02 428643,+39 02 428643,"Via Giambellino, 9, 20146 Milano MI",http://www.labiciclettamilano.com/,https://maps.google.com/?cid=7032631546986087332&g_mp=Cidnb29nbGUubWFwcy5wbGFjZXMudjEuUGxhY2VzLlNlYXJjaFRleHQQAhgEIAA,4.6,210,45.451654999999995,9.152168999999999,OPERATIONAL,negozio e-bike; bici elettriche; biciclette elettriche,"Milano, Lombardia, Italy",bicycle_store; sporting_goods_store; store; manufacturer; service; point_of_interest; establishment
La Bicicletteria,02 498 4694,+39 02 498 4694,"Via Giorgio Washington, 60, 20146 Milano MI",http://www.labicicletteria.it/,https://maps.google.com/?cid=517715481812921681&g_mp=Cidnb29nbGUubWFwcy5wbGFjZXMudjEuUGxhY2VzLlNlYXJjaFRleHQQAhgEIAA,3.6,140,45.461894699999995,9.1546924,OPERATIONAL,e-bike shop; electric bike store; negozio e-bike; bici elettriche; biciclette elettriche,"Milano, Lombardia, Italy",bicycle_store; sportswear_store; shipping_service; clothing_store; sporting_goods_store; manufacturer; store; point_of_interest; service; establishment
La Bicicletteria,02 3926 0565,+39 02 3926 0565,"Viale Achille Papa, 22, 20149 Milano MI",http://www.labicicletteria.it/,https://maps.google.com/?cid=8289146198911779630&g_mp=Cidnb29nbGUubWFwcy5wbGFjZXMudjEuUGxhY2VzLlNlYXJjaFRleHQQAhgEIAA,3.9,397,45.4907626,9.1435211,OPERATIONAL,e-bike shop; electric bike store; negozio e-bike; bici elettriche,"Milano, Lombardia, Italy",bicycle_store; sportswear_store; parking; clothing_store; sporting_goods_store; shipping_service; store; transportation_service; manufacturer; service; point_of_interest; establishment
La Bicicletteria,02 846 1286,+39 02 846 1286,"Via Ascanio Sforza, 87, 20141 Milano MI",,https://maps.google.com/?cid=14252625079304844548&g_mp=Cidnb29nbGUubWFwcy5wbGFjZXMudjEuUGxhY2VzLlNlYXJjaFRleHQQAhgEIAA,3.7,134,45.441359,9.175809,OPERATIONAL,negozio e-bike,"Milano, Lombardia, Italy",bicycle_store; sportswear_store; clothing_store; sporting_goods_store; store; manufacturer; service; point_of_interest; establishment
La Spicciola,346 220 9700,+39 346 220 9700,"Via Apelle, 74, 20128 Milano MI",http://www.laspicciola.com/,https://maps.google.com/?cid=5147465793141428522&g_mp=Cidnb29nbGUubWFwcy5wbGFjZXMudjEuUGxhY2VzLlNlYXJjaFRleHQQAhgEIAA,3.7,125,45.5113942,9.2266817,OPERATIONAL,negozio e-bike; bici elettriche; biciclette elettriche,"Milano, Lombardia, Italy",bicycle_store; sporting_goods_store; store; manufacturer; point_of_interest; establishment
La Stazione delle Biciclette,02 8905 6878,+39 02 8905 6878,"Via Ettore Ponti, 21, 20143 Milano MI",http://www.lastazionedellebiciclette.com/,https://maps.google.com/?cid=12296819577789587194&g_mp=Cidnb29nbGUubWFwcy5wbGFjZXMudjEuUGxhY2VzLlNlYXJjaFRleHQQAhgEIAA,4.1,174,45.4413236,9.1572,OPERATIONAL,negozio e-bike; bici elettriche; biciclette elettriche,"Milano, Lombardia, Italy",bicycle_store; sporting_goods_store; sports_club; store; manufacturer; service; association_or_organization; point_of_interest; establishment
Laterza E-Bikes THOK POINT,011 802 3961,+39 011 802 3961,"Via Regio Parco, 87, 10036 Settimo Torinese TO",https://www.laterza.com/offerte/laterza-e-bikes-rivenditore-ufficiale-thok-e-bikes/,https://maps.google.com/?cid=1148450115278071314&g_mp=Cidnb29nbGUubWFwcy5wbGFjZXMudjEuUGxhY2VzLlNlYXJjaFRleHQQAhgEIAA,4.9,19,45.1255233,7.7506892,OPERATIONAL,e-bike shop,"Torino, Piemonte, Italy",bicycle_store; sporting_goods_store; store; manufacturer; point_of_interest; establishment
ListNRide - Bike rental in Turin,089 215288420,+49 89 215288420,"P.za Castello, 10122 Torino TO",https://www.listnride.com/turin?utm_source=googleBusiness&utm_medium=click&utm_campaign=bicycle_rental_global&utm_content=it_turin&utm_id=gmb_it_turin_1,https://maps.google.com/?cid=13577979273361011763&g_mp=Cidnb29nbGUubWFwcy5wbGFjZXMudjEuUGxhY2VzLlNlYXJjaFRleHQQAhgEIAA,,,45.070277999999995,7.6869439999999996,OPERATIONAL,e-bike rental,"Torino, Piemonte, Italy",service; point_of_interest; establishment
Lovedì Bike,347 232 5862,+39 347 232 5862,"Via Giacinto Collegno 26 bis interno cortile, 10138 Torino TO",http://www.lovedi.bike/,https://maps.google.com/?cid=2468576174302771123&g_mp=Cidnb29nbGUubWFwcy5wbGFjZXMudjEuUGxhY2VzLlNlYXJjaFRleHQQAhgEIAA,4.8,43,45.0756635,7.659846900000001,OPERATIONAL,e-bike shop; electric bike store; negozio e-bike; bici elettriche,"Torino, Piemonte, Italy",bicycle_store; sporting_goods_store; point_of_interest; manufacturer; service; store; establishment
LoveMeTandem,351 616 6252,+39 351 616 6252,"Viale Emilio Alemagna, 14, 20121 Milano MI",https://www.lovemetandem.com/,https://maps.google.com/?cid=8503450983057481360&g_mp=Cidnb29nbGUubWFwcy5wbGFjZXMudjEuUGxhY2VzLlNlYXJjaFRleHQQAhgEIAA,5,76,45.4738306,9.1722769,OPERATIONAL,e-bike rental,"Milano, Lombardia, Italy",point_of_interest; service; establishment
MA E BIKE STORE,02 0997 2179,+39 02 0997 2179,"Via Padova, 181, 20127 Milano MI",,https://maps.google.com/?cid=10332436341170870882&g_mp=Cidnb29nbGUubWFwcy5wbGFjZXMudjEuUGxhY2VzLlNlYXJjaFRleHQQAhgEIAA,4.2,118,45.5023701,9.2380207,OPERATIONAL,e-bike shop; electric bike store; negozio e-bike; bici elettriche; biciclette elettriche,"Milano, Lombardia, Italy",bicycle_store; sporting_goods_store; manufacturer; store; point_of_interest; establishment
"Magic Bike - Concessionaria Moto, Scooter e Assistenza",011 898 1341,+39 011 898 1341,"Corso Casale, 479, 10132 Torino TO",https://www.magicbikeshop.com/,https://maps.google.com/?cid=1543839265022105170&g_mp=Cidnb29nbGUubWFwcy5wbGFjZXMudjEuUGxhY2VzLlNlYXJjaFRleHQQAhgEIAA,4.4,742,45.0907797,7.7433382,OPERATIONAL,e-bike shop; electric bike store; negozio e-bike,"Torino, Piemonte, Italy",car_repair; clothing_store; point_of_interest; service; store; establishment
Mangone Bike,011 263 6618,+39 011 263 6618,"Viale Nuvoli, 1/B, 10098 Rivoli TO",https://www.mangonebike.com/,https://maps.google.com/?cid=1045935737775693150&g_mp=Cidnb29nbGUubWFwcy5wbGFjZXMudjEuUGxhY2VzLlNlYXJjaFRleHQQAhgEIAA,4.9,154,45.0759277,7.520057899999999,OPERATIONAL,negozio e-bike,"Torino, Piemonte, Italy",sportswear_store; parking; bicycle_store; clothing_store; sporting_goods_store; consultant; store; educational_institution; transportation_service; manufacturer; finance; service; point_of_interest; establishment
Martesana Bike,02 9924 4359,+39 02 9924 4359,"Via Adeodato Ressi, 21, 20125 Milano MI",http://www.martesanabike.com/,https://maps.google.com/?cid=14600034599032633938&g_mp=Cidnb29nbGUubWFwcy5wbGFjZXMudjEuUGxhY2VzLlNlYXJjaFRleHQQAhgEIAA,3.5,78,45.496548,9.2035301,OPERATIONAL,electric bike store; negozio e-bike; bici elettriche; biciclette elettriche,"Milano, Lombardia, Italy",bicycle_store; sporting_goods_store; point_of_interest; manufacturer; store; establishment
MAX BIKE SOLUTION,331 301 4200,+39 331 301 4200,"Via Michele Lessona, 23, 10145 Torino TO",,https://maps.google.com/?cid=9703658134755363459&g_mp=Cidnb29nbGUubWFwcy5wbGFjZXMudjEuUGxhY2VzLlNlYXJjaFRleHQQAhgEIAA,5,14,45.0830479,7.6478992,OPERATIONAL,e-bike shop,"Torino, Piemonte, Italy",bicycle_store; sporting_goods_store; point_of_interest; manufacturer; store; establishment
Mi-Wheels,02 9163 9583,+39 02 9163 9583,"Piazza S. Materno, 18, 20131 Milano MI",https://mi-wheels.com/,https://maps.google.com/?cid=1141056606293594495&g_mp=Cidnb29nbGUubWFwcy5wbGFjZXMudjEuUGxhY2VzLlNlYXJjaFRleHQQAhgEIAA,4.8,98,45.4887533,9.2281073,OPERATIONAL,e-bike shop; electric bike store; negozio e-bike; bici elettriche; biciclette elettriche,"Milano, Lombardia, Italy",bicycle_store; sporting_goods_store; manufacturer; store; point_of_interest; establishment
Milano Cycling Srl,02 423 0228,+39 02 423 0228,"Via Tagiura, 13/15, 20146 Milano MI",http://www.milanocycling.it/,https://maps.google.com/?cid=7346885389939977578&g_mp=Cidnb29nbGUubWFwcy5wbGFjZXMudjEuUGxhY2VzLlNlYXJjaFRleHQQAhgEIAA,4,270,45.4575867,9.1492044,OPERATIONAL,e-bike shop; electric bike store; negozio e-bike; bici elettriche; biciclette elettriche,"Milano, Lombardia, Italy",bicycle_store; sporting_goods_store; manufacturer; store; point_of_interest; establishment
Mobilitas - Riparazione Biciclette Elettriche e Batterie al Litio,338 469 1484,+39 338 469 1484,"Via Vigone, 55a, 10139 Torino TO",http://www.mobilitaslab.com/,https://maps.google.com/?cid=12507902803920577103&g_mp=Cidnb29nbGUubWFwcy5wbGFjZXMudjEuUGxhY2VzLlNlYXJjaFRleHQQAhgEIAA,5,130,45.067723,7.648757499999999,OPERATIONAL,e-bike shop; electric bike store; negozio e-bike; bici elettriche; biciclette elettriche; e-bike rental,"Torino, Piemonte, Italy",bicycle_store; sporting_goods_store; store; manufacturer; service; point_of_interest; establishment
MONDO MONOPATTINI - Riparazione monopattini elettrici Torino,346 361 5891,+39 346 361 5891,"Via Maria Ausiliatrice, 51, 10152 Torino TO",,https://maps.google.com/?cid=5182820748471217860&g_mp=Cidnb29nbGUubWFwcy5wbGFjZXMudjEuUGxhY2VzLlNlYXJjaFRleHQQAhgEIAA,4.9,325,45.081393,7.6731064,OPERATIONAL,e-bike shop; electric bike store; bici elettriche; biciclette elettriche,"Torino, Piemonte, Italy",point_of_interest; service; store; establishment
MONDO MONOPATTINI - Riparazione monopattini elettrici Torino,349 979 6790,+39 349 979 6790,"Via dei Mille, 2BIS, 10024 Moncalieri TO",http://www.mondomonopattini.it/,https://maps.google.com/?cid=3147247680341664837&g_mp=Cidnb29nbGUubWFwcy5wbGFjZXMudjEuUGxhY2VzLlNlYXJjaFRleHQQAhgEIAA,4.6,108,45.010549999999995,7.659179999999999,OPERATIONAL,biciclette elettriche,"Torino, Piemonte, Italy",service; point_of_interest; establishment
Monopattini Suficar - Riparazione monopattini,353 209 9873,+39 353 209 9873,"Corso Palermo, 112/a, 10154 Torino TO",,https://maps.google.com/?cid=3810964172479269858&g_mp=Cidnb29nbGUubWFwcy5wbGFjZXMudjEuUGxhY2VzLlNlYXJjaFRleHQQAhgEIAA,4.9,423,45.0887618,7.693441699999999,OPERATIONAL,biciclette elettriche,"Torino, Piemonte, Italy",service; point_of_interest; establishment
My Ebike,328 734 1276,+39 328 734 1276,"Via Massena, 14/E, 10128 Torino TO",http://www.myebike.eu/,https://maps.google.com/?cid=6254071197630320075&g_mp=Cidnb29nbGUubWFwcy5wbGFjZXMudjEuUGxhY2VzLlNlYXJjaFRleHQQAhgEIAA,4.8,33,45.062343,7.673699699999999,OPERATIONAL,e-bike shop; electric bike store; negozio e-bike; bici elettriche; biciclette elettriche; e-bike rental,"Torino, Piemonte, Italy",bicycle_store; sporting_goods_store; store; manufacturer; service; point_of_interest; establishment
Pagano67,02 4537 7617,+39 02 4537 7617,"Via Mario Pagano, 67, 20145 Milano MI",,https://maps.google.com/?cid=14151152446317988897&g_mp=Cidnb29nbGUubWFwcy5wbGFjZXMudjEuUGxhY2VzLlNlYXJjaFRleHQQAhgEIAA,4.4,52,45.4681718,9.1611014,OPERATIONAL,electric bike store; bici elettriche; biciclette elettriche,"Milano, Lombardia, Italy",bicycle_store; sporting_goods_store; point_of_interest; manufacturer; store; establishment
Polibike gli Artigiani della Bici,373 842 2999,+39 373 842 2999,"Via Monginevro, 6, 10138 Torino TO",https://www.polibike.it/,https://maps.google.com/?cid=14509746713554962968&g_mp=Cidnb29nbGUubWFwcy5wbGFjZXMudjEuUGxhY2VzLlNlYXJjaFRleHQQAhgEIAA,4.4,112,45.065442,7.653626000000001,OPERATIONAL,e-bike shop; electric bike store; negozio e-bike; bici elettriche; biciclette elettriche,"Torino, Piemonte, Italy",bicycle_store; sporting_goods_store; point_of_interest; manufacturer; store; establishment
Power Bike,011 386625,+39 011 386625,"C.so Orbassano, 72/B, 10136 Torino TO",,https://maps.google.com/?cid=16528648971418464964&g_mp=Cidnb29nbGUubWFwcy5wbGFjZXMudjEuUGxhY2VzLlNlYXJjaFRleHQQAhgEIAA,4.7,1534,45.0514152,7.653505000000001,OPERATIONAL,e-bike shop; electric bike store; negozio e-bike,"Torino, Piemonte, Italy",auto_parts_store; car_repair; store; service; point_of_interest; establishment
Pro-M Store,02 3340 4547,+39 02 3340 4547,"Via Gallarate, 108, 20151 Milano MI",https://www.pro-mstore.com/,https://maps.google.com/?cid=3358408315113253487&g_mp=Cidnb29nbGUubWFwcy5wbGFjZXMudjEuUGxhY2VzLlNlYXJjaFRleHQQAhgEIAA,4.8,1917,45.4967754,9.1330257,OPERATIONAL,e-bike shop; electric bike store; negozio e-bike; bici elettriche; biciclette elettriche,"Milano, Lombardia, Italy",bicycle_store; sporting_goods_store; manufacturer; store; point_of_interest; establishment
Quagliotti Cristian Biciclette dal 1955,011 521 3094,+39 011 521 3094,"Via Goffredo Mameli, 1/e, 10152 Torino TO",http://www.quagliottibici.com/,https://maps.google.com/?cid=13815489112580461246&g_mp=Cidnb29nbGUubWFwcy5wbGFjZXMudjEuUGxhY2VzLlNlYXJjaFRleHQQAhgEIAA,4.5,86,45.078085699999995,7.683436299999999,OPERATIONAL,e-bike shop; electric bike store; negozio e-bike; bici elettriche; biciclette elettriche,"Torino, Piemonte, Italy",bicycle_store; sporting_goods_store; point_of_interest; manufacturer; service; store; establishment
Rasu e bike store,345 779 9184,+39 345 779 9184,"Via Negroli, 2, 20133 Milano MI",https://www.facebook.com/mohiuddinkhan.raju.98,https://maps.google.com/?cid=15471894111308603389&g_mp=Cidnb29nbGUubWFwcy5wbGFjZXMudjEuUGxhY2VzLlNlYXJjaFRleHQQAhgEIAA,5,4,45.4625171,9.2326632,OPERATIONAL,e-bike shop; electric bike store; negozio e-bike,"Milano, Lombardia, Italy",bicycle_store; sporting_goods_store; manufacturer; store; point_of_interest; establishment
Rat Cycles,389 218 5227,+39 389 218 5227,"Via delle Rosine, 8F, 10123 Torino TO",,https://maps.google.com/?cid=3697289660247901307&g_mp=Cidnb29nbGUubWFwcy5wbGFjZXMudjEuUGxhY2VzLlNlYXJjaFRleHQQAhgEIAA,4.9,124,45.065600499999995,7.691573999999999,OPERATIONAL,e-bike shop,"Torino, Piemonte, Italy",bicycle_store; sporting_goods_store; point_of_interest; manufacturer; service; store; establishment
Redbike,011 427 8215,+39 011 427 8215,"Corso Susa, 299, 10098 Rivoli TO",http://www.redbike.eu/,https://maps.google.com/?cid=6116399132030370067&g_mp=Cidnb29nbGUubWFwcy5wbGFjZXMudjEuUGxhY2VzLlNlYXJjaFRleHQQAhgEIAA,4.6,85,45.0819827,7.5026329999999986,OPERATIONAL,negozio e-bike,"Torino, Piemonte, Italy",bicycle_store; sporting_goods_store; store; manufacturer; point_of_interest; establishment
Rent Bike La Mandria,378 003 8380,+39 378 003 8380,"Viale Carlo Emanuele II, 256, 10078 Venaria Reale TO",https://www.facebook.com/rentbikelamandria/,https://maps.google.com/?cid=9547955378168970921&g_mp=Cidnb29nbGUubWFwcy5wbGFjZXMudjEuUGxhY2VzLlNlYXJjaFRleHQQAhgEIAA,4.3,166,45.141535999999995,7.602536999999999,OPERATIONAL,e-bike rental,"Torino, Piemonte, Italy",service; point_of_interest; establishment
RideAlone Torino - Venaria Reale,376 130 0286,+39 376 130 0286,"Piazza della Repubblica, 10078 Venaria Reale TO",https://ridealone.it/it/punti-vendita/venaria-reale-to/,https://maps.google.com/?cid=6790489106772077915&g_mp=Cidnb29nbGUubWFwcy5wbGFjZXMudjEuUGxhY2VzLlNlYXJjaFRleHQQAhgEIAA,5,110,45.1349684,7.625737199999999,OPERATIONAL,negozio e-bike; e-bike rental,"Torino, Piemonte, Italy",sportswear_store; bicycle_store; clothing_store; sporting_goods_store; store; manufacturer; service; point_of_interest; establishment
Silvestrini Biciclette dal 1904,02 546 8074,+39 02 546 8074,"Viale Emilio Caldara, 37, 20122 Milano MI",http://www.silvestrinibiciclette.net/,https://maps.google.com/?cid=4988068279795046567&g_mp=Cidnb29nbGUubWFwcy5wbGFjZXMudjEuUGxhY2VzLlNlYXJjaFRleHQQAhgEIAA,,,45.455889299999996,9.203320999999999,OPERATIONAL,electric bike store,"Milano, Lombardia, Italy",bicycle_store; sporting_goods_store; point_of_interest; manufacturer; store; establishment
Ski & Bike service di Dansero Cesare,393 848 4370,+39 393 848 4370,"Via Madonna delle Rose, 62c, 10134 Torino TO",,https://maps.google.com/?cid=988455420194000208&g_mp=Cidnb29nbGUubWFwcy5wbGFjZXMudjEuUGxhY2VzLlNlYXJjaFRleHQQAhgEIAA,4,83,45.034223100000006,7.6562359,OPERATIONAL,bici elettriche; biciclette elettriche,"Torino, Piemonte, Italy",sporting_goods_store; store; point_of_interest; service; establishment
Smart Emotion,011 1923 4829,+39 011 1923 4829,"Via Oddino Morgari, 17, 10028 Trofarello TO",http://www.smartemotion.it/,https://maps.google.com/?cid=9487644239917103526&g_mp=Cidnb29nbGUubWFwcy5wbGFjZXMudjEuUGxhY2VzLlNlYXJjaFRleHQQAhgEIAA,5,46,44.982764599999996,7.737005099999998,OPERATIONAL,e-bike shop; electric bike store; negozio e-bike; bici elettriche; biciclette elettriche,"Torino, Piemonte, Italy",bicycle_store; sporting_goods_store; point_of_interest; manufacturer; service; store; establishment
Smile And Bike,331 258 9676,+39 331 258 9676,"Via Lecco, 18, 20124 Milano MI",http://smileandbike.com/,https://maps.google.com/?cid=12626823512375997638&g_mp=Cidnb29nbGUubWFwcy5wbGFjZXMudjEuUGxhY2VzLlNlYXJjaFRleHQQAhgEIAA,4.8,71,45.478150799999995,9.2055007,OPERATIONAL,e-bike rental,"Milano, Lombardia, Italy",point_of_interest; service; establishment
Specialized Bicycle Components Italia srl,02 481 4495,+39 02 481 4495,"Via Valcava, 3, 20155 Milano MI",http://www.specialized.com/it/it/,https://maps.google.com/?cid=7094467166005348081&g_mp=Cidnb29nbGUubWFwcy5wbGFjZXMudjEuUGxhY2VzLlNlYXJjaFRleHQQAhgEIAA,3.5,72,45.4924228,9.1567992,OPERATIONAL,e-bike shop; electric bike store; bici elettriche,"Milano, Lombardia, Italy",bicycle_store; sporting_goods_store; store; manufacturer; point_of_interest; establishment
SundayRide Bike Garage,345 357 5082,+39 345 357 5082,"Via Ponte Seveso, 40, 20125 Milano MI",https://www.sundayride.it/,https://maps.google.com/?cid=4619055903756445619&g_mp=Cidnb29nbGUubWFwcy5wbGFjZXMudjEuUGxhY2VzLlNlYXJjaFRleHQQAhgEIAA,4.6,41,45.490121099999996,9.2057682,OPERATIONAL,e-bike shop; electric bike store; negozio e-bike; bici elettriche; biciclette elettriche,"Milano, Lombardia, Italy",bicycle_store; sporting_goods_store; store; manufacturer; service; point_of_interest; establishment
SuperBike,345 580 5357,+39 345 580 5357,"Via Carlo Farini, 2, 20154 Milano MI",https://superbikemilano.eu/,https://maps.google.com/?cid=6249472490689259890&g_mp=Cidnb29nbGUubWFwcy5wbGFjZXMudjEuUGxhY2VzLlNlYXJjaFRleHQQAhgEIAA,4.6,143,45.4827249,9.181667299999999,OPERATIONAL,electric bike store; negozio e-bike; bici elettriche; biciclette elettriche,"Milano, Lombardia, Italy",point_of_interest; service; establishment
Takbir E Bike Store,393 117 7453,+39 393 117 7453,"Via Padova, 27, 20127 Milano MI",,https://maps.google.com/?cid=17139975106447005595&g_mp=Cidnb29nbGUubWFwcy5wbGFjZXMudjEuUGxhY2VzLlNlYXJjaFRleHQQAhgEIAA,5,4,45.4894568,9.2210652,OPERATIONAL,biciclette elettriche,"Milano, Lombardia, Italy",bicycle_store; sporting_goods_store; store; manufacturer; point_of_interest; establishment
Top Riders,352 043 7634,+39 352 043 7634,"Via delle Forze Armate, 105, 20147 Milano MI",,https://maps.google.com/?cid=2235095478960894157&g_mp=Cidnb29nbGUubWFwcy5wbGFjZXMudjEuUGxhY2VzLlNlYXJjaFRleHQQAhgEIAA,5,12,45.4625602,9.125843699999999,OPERATIONAL,biciclette elettriche,"Milano, Lombardia, Italy",bicycle_store; sporting_goods_store; store; manufacturer; point_of_interest; establishment
Tribù Bikers Torino,348 662 1875,+39 348 662 1875,"Via Nizza, 100, 10126 Torino TO",http://www.tribubikers.com/,https://maps.google.com/?cid=15441751172906488692&g_mp=Cidnb29nbGUubWFwcy5wbGFjZXMudjEuUGxhY2VzLlNlYXJjaFRleHQQAhgEIAA,3.6,101,45.044768999999995,7.6718530000000005,OPERATIONAL,e-bike shop; electric bike store; negozio e-bike; bici elettriche; biciclette elettriche,"Torino, Piemonte, Italy",bicycle_store; sporting_goods_store; point_of_interest; manufacturer; service; store; establishment
Triciclo - Mercato dell'usato e officina ciclistica c/o Ecocentro AMIAT,348 452 1890,+39 348 452 1890,"Via Arbe, 12, 10136 Torino TO",http://www.triciclo.com/,https://maps.google.com/?cid=6172039044746896622&g_mp=Cidnb29nbGUubWFwcy5wbGFjZXMudjEuUGxhY2VzLlNlYXJjaFRleHQQAhgEIAA,3.8,169,45.055494499999995,7.6319096,OPERATIONAL,negozio e-bike,"Torino, Piemonte, Italy",flea_market; bicycle_store; market; sporting_goods_store; store; manufacturer; point_of_interest; establishment
Tripbike,011 1992 3832,+39 011 1992 3832,"Via Saluzzo, 19, 10025 Torino TO",http://www.facebook.com/groups/292969280825574,https://maps.google.com/?cid=13919454099734467884&g_mp=Cidnb29nbGUubWFwcy5wbGFjZXMudjEuUGxhY2VzLlNlYXJjaFRleHQQAhgEIAA,4.5,148,45.059337199999995,7.6792127,OPERATIONAL,e-bike shop; electric bike store; negozio e-bike; bici elettriche; biciclette elettriche,"Torino, Piemonte, Italy",point_of_interest; service; establishment
Ts riparazione e-bike e monopattini elettrici,349 071 9197,+39 349 071 9197,"Via Bologna, 1/E, 10152 Torino TO",,https://maps.google.com/?cid=11209900034499758027&g_mp=Cidnb29nbGUubWFwcy5wbGFjZXMudjEuUGxhY2VzLlNlYXJjaFRleHQQAhgEIAA,4.2,5,45.0799458,7.689537399999999,OPERATIONAL,e-bike shop; electric bike store; bici elettriche; biciclette elettriche,"Torino, Piemonte, Italy",point_of_interest; service; establishment
Turbo Moka x DONE!,346 352 9744,+39 346 352 9744,"Corso Garibaldi, 38, 20121 Milano MI",http://www.powerframe.bike/,https://maps.google.com/?cid=4730827428708689130&g_mp=Cidnb29nbGUubWFwcy5wbGFjZXMudjEuUGxhY2VzLlNlYXJjaFRleHQQAhgEIAA,4.9,68,45.4744883,9.1835445,OPERATIONAL,e-bike shop; electric bike store; negozio e-bike; bici elettriche; biciclette elettriche,"Milano, Lombardia, Italy",bicycle_store; sporting_goods_store; wholesaler; manufacturer; supplier; store; point_of_interest; establishment
TURINBIKE,011 899 8951,+39 011 899 8951,"Via Alessandro Volta, 11/a, 10121 Torino TO",https://turinbike.com/,https://maps.google.com/?cid=15744589184363082681&g_mp=Cidnb29nbGUubWFwcy5wbGFjZXMudjEuUGxhY2VzLlNlYXJjaFRleHQQAhgEIAA,4.6,178,45.064808199999995,7.678021,OPERATIONAL,e-bike shop; electric bike store; negozio e-bike; bici elettriche; biciclette elettriche; e-bike rental,"Torino, Piemonte, Italy",bicycle_store; sporting_goods_store; store; manufacturer; service; point_of_interest; establishment
Tutto Bici,011 765 2950,+39 011 765 2950,"Via S. Giuseppe Benedetto Cottolengo, 2, 10152 Torino TO",,https://maps.google.com/?cid=15691132263346941880&g_mp=Cidnb29nbGUubWFwcy5wbGFjZXMudjEuUGxhY2VzLlNlYXJjaFRleHQQAhgEIAA,4,66,45.077886799999995,7.6828170999999985,OPERATIONAL,e-bike shop; electric bike store; negozio e-bike; bici elettriche; biciclette elettriche,"Torino, Piemonte, Italy",bicycle_store; sporting_goods_store; point_of_interest; manufacturer; store; establishment
"Univelo Torino - E-Bike, Monopattini Elettrici e Assistenza - RUITOO - ENGWE - KuKirin",327 154 0069,+39 327 154 0069,"Corso Regina Margherita, 127A, 10122 Torino TO",https://ruitoobike.com/,https://maps.google.com/?cid=12941384343849876247&g_mp=Cidnb29nbGUubWFwcy5wbGFjZXMudjEuUGxhY2VzLlNlYXJjaFRleHQQAhgEIAA,4.6,10,45.0773809,7.6808787999999995,OPERATIONAL,e-bike shop; electric bike store; negozio e-bike; bici elettriche; biciclette elettriche,"Torino, Piemonte, Italy",bicycle_store; sporting_goods_store; store; manufacturer; point_of_interest; establishment
Unlimited Biking (Formerly Fat Tire Tours),055 395 2724,+39 055 395 2724,"Via Falcone, 7, 20123 Milano MI",https://unlimitedbiking.com/milan/?utm_source=GMBMilan&utm_medium=organic,https://maps.google.com/?cid=12103240382376074506&g_mp=Cidnb29nbGUubWFwcy5wbGFjZXMudjEuUGxhY2VzLlNlYXJjaFRleHQQAhgEIAA,5,447,45.4622925,9.1876754,OPERATIONAL,e-bike rental,"Milano, Lombardia, Italy",tour_agency; travel_agency; point_of_interest; service; establishment
Urban Rider,391 345 8134,+39 391 345 8134,"Via Sebastiano Caboto, 42/F, 10129 Torino TO",https://www.facebook.com/URBAN-RIDER-1726026450945512/,https://maps.google.com/?cid=15749495085336182602&g_mp=Cidnb29nbGUubWFwcy5wbGFjZXMudjEuUGxhY2VzLlNlYXJjaFRleHQQAhgEIAA,4.8,242,45.056707700000004,7.658037299999999,OPERATIONAL,e-bike shop; electric bike store; negozio e-bike; bici elettriche; biciclette elettriche,"Torino, Piemonte, Italy",bicycle_store; flea_market; market; sporting_goods_store; point_of_interest; manufacturer; store; establishment
VM NOLEGGIOBIKE,328 887 3908,+39 328 887 3908,"Via Concesa, 11, 20069 Vaprio d'Adda MI",,https://maps.google.com/?cid=7513913675530098334&g_mp=Cidnb29nbGUubWFwcy5wbGFjZXMudjEuUGxhY2VzLlNlYXJjaFRleHQQAhgEIAA,4.8,69,45.581127699999996,9.532252399999999,OPERATIONAL,e-bike rental,"Milano, Lombardia, Italy",point_of_interest; service; establishment
Zero Fumo,011 276 0347,+39 011 276 0347,"Via Susa, 14, 10138 Torino TO",http://www.zerofumo.com/,https://maps.google.com/?cid=3588864928643301761&g_mp=Cidnb29nbGUubWFwcy5wbGFjZXMudjEuUGxhY2VzLlNlYXJjaFRleHQQAhgEIAA,3.9,27,45.0728267,7.662744999999999,OPERATIONAL,e-bike shop; electric bike store; negozio e-bike; bici elettriche; biciclette elettriche,"Torino, Piemonte, Italy",bicycle_store; sporting_goods_store; point_of_interest; manufacturer; store; establishment
BikeMi,,,"352 - Cordusio - Dante, 20866 Carnate MB",,https://maps.google.com/?cid=10280980359349855482&g_mp=Cidnb29nbGUubWFwcy5wbGFjZXMudjEuUGxhY2VzLlNlYXJjaFRleHQQAhgEIAA,5,1,45.46557,9.18566,OPERATIONAL,e-bike rental,"Milano, Lombardia, Italy",bike_sharing_station; transportation_service; point_of_interest; service; establishment
BikeMi,,,"87 - Porta Genova, 20144 Milano MI",,https://maps.google.com/?cid=15139011259218329525&g_mp=Cidnb29nbGUubWFwcy5wbGFjZXMudjEuUGxhY2VzLlNlYXJjaFRleHQQAhgEIAA,3.7,3,45.4529755,9.169653199999999,OPERATIONAL,e-bike rental,"Milano, Lombardia, Italy",bike_sharing_station; transportation_service; point_of_interest; service; establishment
BikeMi,,,"101 - Gadio - Paleocapa, 20121 Milano MI",,https://maps.google.com/?cid=6179641176373394916&g_mp=Cidnb29nbGUubWFwcy5wbGFjZXMudjEuUGxhY2VzLlNlYXJjaFRleHQQAhgEIAA,4.3,3,45.4699634,9.1754374,OPERATIONAL,e-bike rental,"Milano, Lombardia, Italy",bike_sharing_station; transportation_service; point_of_interest; service; establishment
E-BICI,,,"Via Lattanzio, 64, 20137 Milano MI",https://www.facebook.com/profile.php?id=100093105635898,https://maps.google.com/?cid=12139574347524393261&g_mp=Cidnb29nbGUubWFwcy5wbGFjZXMudjEuUGxhY2VzLlNlYXJjaFRleHQQAhgEIAA,4.7,18,45.449811499999996,9.1794327,OPERATIONAL,e-bike shop; electric bike store; negozio e-bike; bici elettriche; biciclette elettriche,"Milano, Lombardia, Italy",store; point_of_interest; establishment